ApplicantIncome,CoapplicantIncome,LoanAmount,Loan_Amount_Term,Credit_History,Gender_Male,Married_Yes,Dependents_1,Dependents_2,Dependents_3+,Education_Not Graduate,Self_Employed_Yes,Property_Area_Semiurban,Property_Area_Urban,Loan_Status
0.08391466429232507,0.18066741704271502,1.3557340061535141,0.2876109301464364,1.0,True,True,False,False,False,False,False,True,False,0
-0.4293378969569376,0.38543026627184795,-0.19760890274980683,0.2876109301464364,1.0,True,True,False,False,False,False,False,True,False,1
0.1260951837901277,0.005831445777839988,0.7181678868275242,0.2876109301464364,1.0,True,True,False,True,False,False,False,True,False,1
-0.5769697151992469,0.46418520828305293,-0.23238523653122448,0.2876109301464364,1.0,True,True,False,False,False,False,False,True,False,1
-0.2255216267435552,-0.5281270610581298,-0.5801485743454008,0.2876109301464364,0.0,True,False,False,False,False,False,False,True,False,0
2.400468795111647,1.1307670374658918,4.89132794059764,0.2876109301464364,1.0,True,True,False,False,False,False,False,False,False,0
-0.36606711771023365,0.15420575652695015,-0.20920101401027938,0.2876109301464364,1.0,True,True,False,False,True,True,True,True,False,1
-0.36066801121451486,0.07576583428379001,-0.41785901669878517,0.2876109301464364,0.0,True,True,False,True,False,True,False,False,False,0
-0.31680027093680013,-0.5281270610581298,-0.46422746174067536,0.2876109301464364,1.0,False,True,False,False,False,False,False,True,False,1
0.6757917138854919,-0.5281270610581298,0.4515493278366557,0.2876109301464364,1.0,True,False,False,False,False,False,False,False,False,1
-0.03672162147139051,-0.07764879275403729,0.1501544350643695,0.2876109301464364,0.0,True,True,True,False,False,True,False,True,False,1
0.1050049240412264,-0.016219937985297406,0.4515493278366557,2.0819815362696934,1.0,True,True,False,True,False,True,False,True,False,0
-0.4357493359206036,-0.5230489421326306,-0.7076617982105988,0.2876109301464364,1.0,True,True,False,False,False,False,False,False,False,1
-0.30296506054152084,0.46922552457177,0.39358877153429295,0.2876109301464364,1.0,True,True,False,False,False,False,False,False,False,1
0.12710751625807498,-0.5281270610581298,0.13856232380389696,0.2876109301464364,1.0,True,True,False,False,False,False,False,False,True,1
2.024218561191247,-0.5281270610581298,2.9206690263173076,0.2876109301464364,1.0,True,True,False,True,False,False,True,False,False,1
1.2381423998301968,2.9270097548574547,2.3294713520332078,0.2876109301464364,1.0,True,True,True,False,False,False,False,True,False,0
-0.1269879331966882,0.20681405779043507,-0.20920101401027938,0.2876109301464364,1.0,True,True,False,False,False,False,False,False,True,1
-0.15516452022122035,0.1280591157792301,0.13856232380389696,0.2876109301464364,1.0,True,True,False,True,False,False,True,True,False,1
-0.1512839124274225,-0.5281270610581298,-0.7772144657734341,0.2876109301464364,1.0,False,False,True,False,False,True,False,False,False,0
-0.8582294192105949,12.59780161406538,2.3410634632936804,-2.403944979038449,1.0,False,False,False,False,True,False,False,False,True,0
0.28081332930806785,-0.5281270610581298,-0.23238523653122448,0.2876109301464364,1.0,True,False,False,False,False,False,True,False,True,1
-0.2555541566259907,-0.5281270610581298,-1.136569914848083,-1.5067596759768207,1.0,True,True,True,False,False,False,False,False,True,1
-0.23750089428093113,0.5577460793923644,0.03423332245964406,0.2876109301464364,1.0,True,False,False,False,False,False,False,False,False,1
0.9275250542483782,-0.5281270610581298,-0.754030243252489,0.2876109301464364,1.0,True,False,False,False,False,False,True,False,True,0
0.7525602593714927,-0.5281270610581298,0.37040454901334785,0.2876109301464364,1.0,True,True,False,False,False,False,True,False,False,1
-0.49817650477735154,0.1151433052893925,-0.25556945905216955,0.2876109301464364,1.0,True,False,False,False,False,True,False,False,False,1
-0.8929861672767844,0.3907856023286099,-0.5801485743454008,0.2876109301464364,1.0,False,True,False,True,False,True,False,True,False,1
-0.3942437047347658,-0.5281270610581298,-1.2988594724946987,0.2876109301464364,1.0,False,True,False,False,False,False,False,True,False,1
-0.1860406604936119,-0.5281270610581298,-0.24397734779169702,0.2876109301464364,0.0,True,True,False,True,False,False,False,True,False,0
-0.2957100111878988,-0.5281270610581298,-0.4062669054383126,2.0819815362696934,1.0,True,False,False,False,False,False,False,False,True,0
-0.3761904423897063,0.04520891678344247,-0.7772144657734341,0.2876109301464364,1.0,True,True,False,True,False,True,False,False,True,1
-0.25352949169009614,0.25942235905392,-0.09327990140555394,0.2876109301464364,1.0,True,False,False,False,False,False,False,False,False,1
0.26950895008265674,-0.5281270610581298,-0.2671615703126421,-4.198315585161707,1.0,True,True,False,False,True,True,True,False,True,1
-0.09324351759844607,-0.5281270610581298,-0.2671615703126421,0.2876109301464364,1.0,True,False,False,False,False,False,False,False,True,1
-0.3497010761450862,-0.13435235100210485,-0.23238523653122448,0.2876109301464364,0.0,True,True,False,False,True,False,False,True,False,0
-0.3517257410809807,-0.5281270610581298,-0.15124045770791666,0.2876109301464364,1.0,False,False,False,False,False,False,False,False,False,0
0.5168555164177715,-0.5281270610581298,0.7181678868275242,0.2876109301464364,1.0,True,False,False,False,False,False,False,False,True,1
0.05270107986395111,0.62673540859418,1.8889711241352511,0.2876109301464364,1.0,True,False,False,False,False,False,False,False,False,0
-0.5548671229823983,-0.08772942533147152,-0.7308460207315439,0.2876109301464364,1.0,True,True,True,False,False,False,False,False,True,1
-0.37568427615573263,-0.37565749332443693,-0.15124045770791666,0.2876109301464364,1.0,True,True,False,True,False,False,False,True,False,1
-0.38074593849546895,-0.08174404973861994,-0.11646412392649902,0.2876109301464364,1.0,True,True,False,False,False,False,False,True,False,1
-0.33789053068570146,-0.0029891077274149694,-0.39467479417784007,0.2876109301464364,1.0,True,True,False,False,False,False,False,True,False,1
0.05843763051565227,-0.5281270610581298,-0.23238523653122448,0.2876109301464364,1.0,True,False,False,False,False,False,False,False,True,1
-0.25572287870398186,-0.08363416834688886,0.10378599002247933,0.2876109301464364,1.0,True,True,False,True,False,True,False,False,False,1
0.002253178544579137,3.031596317848335,4.021919596062199,0.2876109301464364,0.0,True,True,False,False,True,False,False,True,False,0
0.47754327224581944,0.46954054433981485,0.19652288010625968,0.2876109301464364,1.0,True,True,False,True,False,False,False,False,False,1
-0.6753346866681227,0.038908521422546076,-0.522188018043038,0.2876109301464364,0.0,False,False,False,False,False,False,False,True,False,0
0.13166301236383768,0.8630002346277948,0.7065757755670516,0.2876109301464364,0.0,True,False,False,False,False,False,False,False,False,0
-0.09644923708027907,-0.5281270610581298,-0.23238523653122448,0.2876109301464364,1.0,True,True,False,False,True,True,False,True,False,0
-0.48974040087779097,0.07387571567552109,-0.37149057165689503,0.2876109301464364,0.0,True,True,False,False,False,True,False,True,False,0
-0.20274414621474177,-0.5281270610581298,-0.34830634913594993,0.2876109301464364,1.0,True,True,False,False,False,False,False,False,True,1
-0.3940749826567746,0.1910630693881941,0.06900965624106169,0.2876109301464364,1.0,False,True,False,False,False,False,False,True,False,1
0.032454430505005835,0.7845603123846348,0.3124439927109851,0.2876109301464364,1.0,True,True,False,False,False,False,False,True,False,1
-0.6112202970314626,-0.5281270610581298,-1.0090566909828849,0.2876109301464364,1.0,True,True,True,False,False,False,False,False,False,0
5.435610256095535,-0.5281270610581298,0.045825433720116604,0.2876109301464364,1.0,True,False,True,False,False,False,False,True,False,1
-0.10387300851189234,-0.5281270610581298,-0.17442468022886173,0.2876109301464364,1.0,True,True,False,False,False,True,False,False,False,0
-0.36606711771023365,0.25942235905392,-0.23238523653122448,0.2876109301464364,1.0,True,True,False,False,False,False,False,True,False,1
-0.14352269683982682,-0.5281270610581298,-0.44104323921973027,0.2876109301464364,1.0,True,True,False,True,False,True,False,False,False,1
1.0552476672877245,-0.5281270610581298,0.4515493278366557,-2.403944979038449,1.0,True,True,False,True,False,False,False,False,True,1
-0.40959741383196596,0.23296069853815513,-0.10487201266602648,0.2876109301464364,1.0,True,True,False,False,False,False,False,False,False,1
-0.00044637470328023237,-0.5281270610581298,-0.499003795522093,0.2876109301464364,0.0,False,True,False,False,False,False,True,False,False,0
-0.5143738242645077,0.20681405779043507,0.3819966602738204,0.2876109301464364,0.0,True,True,False,False,False,True,False,False,True,0
-0.4401361099483751,0.3514081313230074,0.08060176750153424,0.2876109301464364,1.0,True,True,False,False,False,True,False,False,False,1
-0.5808503229930447,0.1677516065528774,-0.1628325689683892,0.2876109301464364,1.0,True,False,False,False,False,False,False,True,False,1
-0.48974040087779097,0.007406544618064087,-0.4758195730011479,0.2876109301464364,1.0,True,True,False,False,False,True,False,False,False,1
0.21602405135944297,-0.5281270610581298,-0.20920101401027938,0.2876109301464364,1.0,True,False,False,False,False,True,False,True,False,1
-0.565834058051827,0.49159192810295227,0.34722032649240275,0.2876109301464364,0.0,False,True,False,False,False,True,False,True,False,0
-0.5169046554343759,0.521833825835255,-0.22079312527075193,0.2876109301464364,1.0,True,True,False,False,False,False,False,False,False,1
1.0118860932439835,-0.5281270610581298,1.5991683426234375,0.2876109301464364,0.0,False,True,True,False,False,False,True,False,True,0
-0.6231995645688386,0.060329865649593827,-0.6728854644291812,0.2876109301464364,1.0,True,True,False,False,False,False,False,False,True,1
0.02469321491741015,-0.5281270610581298,-1.2061225824109183,0.2876109301464364,1.0,True,True,True,False,False,False,False,False,True,1
-0.23108945531726513,-0.5281270610581298,-0.30193790409405974,0.2876109301464364,1.0,True,False,False,False,False,False,False,True,False,1
-0.4504281567058389,0.05686464820110081,-0.25556945905216955,0.2876109301464364,1.0,True,False,False,False,False,False,False,False,False,1
-0.2872739072883383,0.6059441039032218,0.7877205543903595,0.2876109301464364,0.0,True,True,False,True,False,False,False,False,True,0
-0.24458722155656198,0.23611089621860334,0.11537810128295187,0.2876109301464364,0.0,True,False,True,False,False,True,True,False,True,0
-0.40116130993240545,0.2855689998016401,0.2544834364086224,0.2876109301464364,1.0,True,True,True,False,False,False,False,True,False,0
-0.15516452022122035,-0.5281270610581298,-0.17442468022886173,0.2876109301464364,0.0,False,False,False,False,False,False,True,True,False,0
-0.3672481722561721,-0.24051401283320917,-0.499003795522093,-3.839441463937055,1.0,False,True,True,False,False,False,False,True,False,1
-0.5980599749481482,-0.06945827878487197,-1.0206488022433575,-0.6095743729151921,1.0,True,True,False,True,False,True,False,False,True,1
-0.35375040601687524,0.8633152543958397,-0.2903457928335872,0.2876109301464364,1.0,True,True,False,False,False,True,False,True,False,1
-0.5921547022184558,-0.016219937985297406,-0.4062669054383126,-2.403944979038449,1.0,True,True,False,True,False,True,False,True,False,1
-0.43625550215457726,-0.5281270610581298,-0.7424381319920165,0.2876109301464364,1.0,False,False,False,False,False,False,False,True,False,1
0.4719754436721095,-0.5281270610581298,0.045825433720116604,-0.6095743729151921,0.0,True,True,True,False,False,False,False,True,False,0
1.8835043481465776,-0.5281270610581298,1.4716551187582396,0.2876109301464364,1.0,True,True,False,True,False,False,False,False,True,1
-0.056799548752344574,-0.5281270610581298,-0.23238523653122448,0.2876109301464364,1.0,True,False,False,False,False,False,True,True,False,1
2.1647640521579254,-0.5281270610581298,4.079880152364562,0.2876109301464364,1.0,True,True,True,False,False,False,False,False,True,0
-0.20291286829273297,-0.5281270610581298,-0.13964834644744412,0.2876109301464364,0.0,False,False,False,False,False,False,False,True,False,0
-0.5022258346491406,0.03355318536578414,-0.03531934510319121,0.2876109301464364,1.0,True,False,False,False,False,False,False,False,False,1
-0.6584624788690016,5.772268299838268,1.054339113381228,0.2876109301464364,1.0,True,True,False,True,False,False,True,False,True,0
-0.48974040087779097,0.012761880674826026,-0.5685564630849282,-0.6095743729151921,1.0,False,False,False,False,False,False,True,True,False,0
-0.3181500475607298,-0.5281270610581298,-0.4758195730011479,0.2876109301464364,1.0,True,False,False,True,False,False,False,True,False,1
-0.1509464682714401,0.36810417902938286,-0.09327990140555394,-2.403944979038449,1.0,False,True,True,False,False,False,False,True,False,1
-0.08480741369888553,0.2723381695437576,0.03423332245964406,2.0819815362696934,1.0,False,False,False,False,False,False,False,False,False,0
-0.10842850461765502,-0.2666606535809292,-0.2671615703126421,0.2876109301464364,1.0,True,True,False,False,False,False,False,True,False,1
-0.20291286829273297,0.10632275178413754,0.5326941066599635,0.2876109301464364,1.0,True,True,False,False,False,True,False,False,False,1
-0.13424298255031025,0.09970733665519632,-0.000543011321773575,0.2876109301464364,1.0,True,False,False,False,True,True,False,True,False,1
-0.40622297227214177,-0.5281270610581298,-0.4062669054383126,0.2876109301464364,1.0,True,True,False,False,True,True,False,False,False,1
5.6765453834669835,0.9682168371547647,-0.32512212661500484,0.2876109301464364,1.0,True,True,False,False,False,False,True,True,False,1
0.18649768771098113,-0.5281270610581298,-0.12805623518697157,-2.403944979038449,1.0,True,True,True,False,False,True,False,False,True,1
-0.5886115385806404,0.39330576047296845,-0.4062669054383126,0.2876109301464364,1.0,True,True,True,False,False,False,False,False,True,0
-0.29149195923811855,-0.5281270610581298,-0.44104323921973027,0.2876109301464364,1.0,True,True,False,False,False,False,False,True,False,1
0.9521584776350949,-0.5281270610581298,-0.13964834644744412,0.2876109301464364,1.0,True,True,False,False,False,False,False,False,True,1
1.532056259690886,-0.5281270610581298,3.337985031694319,0.2876109301464364,1.0,True,True,False,False,False,False,False,True,False,1
-0.3940749826567746,-0.5281270610581298,-0.8583592445967418,0.2876109301464364,1.0,True,False,False,False,False,False,False,False,True,0
-0.4222515696813068,0.5479804665829751,-1.0670172472852477,-2.403944979038449,1.0,True,True,False,False,False,False,False,True,False,1
0.029417433101164046,-0.0795389113623062,-0.5569643518244557,0.2876109301464364,1.0,True,True,False,False,True,False,True,False,False,1
-0.3915441514869064,0.3907856023286099,0.1501544350643695,0.2876109301464364,1.0,True,False,False,False,False,False,False,False,True,1
-0.34632663458526197,0.12679903670705084,0.16174654632484206,0.2876109301464364,1.0,True,True,True,False,False,False,True,True,False,1
-0.5234848164760331,0.6689480575121858,-0.23238523653122448,-2.403944979038449,1.0,True,True,False,False,False,True,False,False,True,0
-0.07637130979932501,-0.5281270610581298,-0.34830634913594993,0.2876109301464364,1.0,True,False,False,False,False,False,False,True,False,1
-0.33789053068570146,-0.18696065226558978,-0.15124045770791666,0.2876109301464364,1.0,True,True,True,False,False,True,False,False,True,1
-0.014450307176550712,-0.5281270610581298,0.23129921388767732,0.2876109301464364,1.0,True,False,False,False,False,False,False,False,True,1
-0.4855223489280107,1.4407464892219946,0.4515493278366557,0.2876109301464364,1.0,True,True,False,False,False,False,False,False,False,1
-0.41617757487362317,0.26068243812609926,0.11537810128295187,0.2876109301464364,0.0,True,True,False,False,True,False,False,True,False,0
0.9697055737461807,-0.5281270610581298,0.5558783291809086,0.2876109301464364,1.0,True,False,True,False,False,False,False,True,False,0
-0.48974040087779097,0.5744421270987399,-0.3830826829173676,0.2876109301464364,1.0,True,True,False,False,False,False,False,False,True,1
-0.3341786449698948,-0.5281270610581298,-0.7772144657734341,-2.403944979038449,1.0,True,True,False,False,True,True,False,False,False,0
1.887891122174349,-0.5281270610581298,-0.44104323921973027,0.2876109301464364,1.0,True,True,False,False,False,False,False,True,False,1
-0.5687023333776776,-0.02693061009882128,-0.6033327968663459,0.2876109301464364,1.0,True,True,False,False,False,False,False,True,False,1
-0.33097292548806184,-0.5281270610581298,-0.41785901669878517,0.2876109301464364,1.0,False,False,True,False,False,False,False,True,False,1
-0.3340099228919036,0.4893867897266385,0.045825433720116604,0.2876109301464364,0.0,True,True,False,False,False,True,False,False,False,0
-0.35476273848482254,0.25942235905392,0.28925977019004007,0.2876109301464364,1.0,True,True,True,False,False,False,False,True,False,1
-0.4504281567058389,-0.5281270610581298,-0.8931355783781595,0.2876109301464364,1.0,True,False,False,False,False,False,False,False,True,1
-0.5234848164760331,0.15452077629499497,-0.3830826829173676,0.2876109301464364,1.0,True,True,False,False,False,False,False,True,False,1
-0.25352949169009614,0.18854291124383551,-0.046911456363663756,0.2876109301464364,1.0,False,False,False,False,False,False,False,True,False,1
-0.2704016994892172,-0.5281270610581298,-0.6728854644291812,0.2876109301464364,1.0,True,True,False,True,False,False,False,True,False,1
0.6845652619410348,-0.5281270610581298,0.49791777287854583,0.2876109301464364,1.0,True,True,False,False,False,False,True,True,False,1
-0.5347891957014442,0.23327571830619995,-0.13964834644744412,0.2876109301464364,1.0,True,True,False,False,False,False,False,False,True,1
-0.3081954449592484,0.8267729613026406,0.2776676589295675,0.2876109301464364,1.0,True,False,False,False,False,False,False,False,False,1
-0.5536860684364598,-0.5281270610581298,-1.0206488022433575,0.2876109301464364,0.0,True,True,False,False,False,False,False,False,True,0
-0.5192667645262529,0.20901919616674883,-0.0585035676241363,0.2876109301464364,1.0,True,True,False,False,False,False,False,True,False,1
-0.5909736476725174,-0.5281270610581298,-0.23238523653122448,0.2876109301464364,1.0,True,False,False,False,False,True,False,False,True,0
0.0923507681918856,0.8368535938800749,-0.32512212661500484,-2.403944979038449,1.0,True,False,False,False,False,False,True,False,True,0
1.7304734234085495,-0.5281270610581298,-1.0786093585457202,0.2876109301464364,1.0,False,False,False,False,False,False,True,True,False,1
-0.37939616187153924,-0.5281270610581298,-1.136569914848083,0.2876109301464364,1.0,True,False,False,False,False,False,False,False,True,1
3.0876738187698476,-0.5281270610581298,2.5729056885031314,0.2876109301464364,1.0,True,True,False,False,True,False,False,False,False,1
-0.5196042086822352,-0.36904207819549567,-0.20920101401027938,0.2876109301464364,1.0,False,True,False,False,False,False,False,True,False,1
0.32873039945757165,-0.5281270610581298,-0.23238523653122448,0.2876109301464364,1.0,False,False,True,False,False,False,True,True,False,1
0.03464781751889157,1.2438591341939822,0.4515493278366557,0.2876109301464364,1.0,True,True,False,False,False,False,False,True,False,1
-0.3604992891365237,0.16491642864047404,-0.15124045770791666,0.2876109301464364,1.0,True,True,False,False,False,False,False,False,False,0
-0.4332185047507354,-0.5281270610581298,-0.5801485743454008,0.2876109301464364,1.0,True,False,False,False,False,False,False,True,False,1
-0.42714450994305186,0.3510931115549626,-0.046911456363663756,0.2876109301464364,1.0,True,False,False,False,False,False,False,True,False,1
-0.33620330990578934,-0.5281270610581298,-0.8351750220757967,0.2876109301464364,0.0,False,False,False,False,False,False,False,False,True,0
-0.1315434293024509,-0.5281270610581298,-0.7772144657734341,0.2876109301464364,1.0,False,False,True,False,False,False,False,True,False,0
-0.40824763720803625,-0.5281270610581298,1.2398128935487887,0.2876109301464364,1.0,False,False,False,False,True,False,False,False,False,1
-0.6213436217109353,0.013391920210915665,-0.5569643518244557,0.2876109301464364,1.0,True,True,False,False,False,False,False,False,True,1
-0.5631345048039677,-0.5281270610581298,-0.904727689638632,0.2876109301464364,1.0,False,False,False,False,False,True,False,True,False,1
-0.10421045266787475,-0.5281270610581298,-1.159754137369028,0.2876109301464364,1.0,True,False,False,False,False,True,False,False,False,1
-0.197345039719023,0.24398639041972384,-0.44104323921973027,0.2876109301464364,1.0,False,True,False,False,False,False,False,False,True,0
0.1542717708146599,-0.5281270610581298,0.10378599002247933,-2.403944979038449,1.0,True,True,False,False,True,False,False,False,False,1
0.07396006169084364,0.805036597307548,1.715089455228163,0.2876109301464364,1.0,True,False,False,False,False,False,False,True,False,1
-0.3176438813267562,-0.5281270610581298,-1.4263726963598966,-3.3011302821000776,1.0,True,False,False,False,False,True,False,True,False,1
0.15140349548880933,1.7557662572668145,0.37040454901334785,0.2876109301464364,0.0,True,True,True,False,False,False,False,False,True,0
-0.5271967021918398,-0.5281270610581298,-1.1829383598899732,0.2876109301464364,1.0,False,False,False,False,False,False,False,False,False,0
-0.6196564009310231,-0.5281270610581298,-0.23238523653122448,0.2876109301464364,0.0,False,False,False,False,True,True,False,False,True,0
-0.19582654101710212,-0.4685883248976588,-0.27875368157311464,0.2876109301464364,1.0,True,True,False,False,True,False,False,True,False,1
-0.014450307176550712,0.7936958856579345,1.3789182286744592,0.2876109301464364,1.0,True,True,False,True,False,False,True,False,True,1
-0.3530755177049104,-0.5281270610581298,-0.6960696869501263,0.2876109301464364,1.0,False,False,False,False,False,False,False,False,True,1
-0.08480741369888553,-0.5281270610581298,-0.18601679148933428,0.2876109301464364,1.0,False,False,False,False,False,False,False,False,False,1
-0.5079623853008417,0.2200448880483175,-0.23238523653122448,0.2876109301464364,1.0,True,True,True,False,False,True,False,False,False,1
-0.506612608676912,-0.5281270610581298,-1.0786093585457202,0.2876109301464364,1.0,True,False,False,False,False,False,False,True,False,1
-0.3216932111985452,-0.5281270610581298,-0.5569643518244557,-1.5067596759768207,1.0,True,False,True,False,False,True,False,False,True,1
-0.4821479073681865,0.5555409410160507,-0.32512212661500484,0.2876109301464364,0.0,False,True,False,False,False,False,False,False,True,0
-0.27731930468685684,0.5114381734897759,-0.07009567888460884,-2.403944979038449,1.0,True,True,False,False,False,False,False,False,False,1
-0.2450933877905356,1.1421077491155052,-0.11646412392649902,0.2876109301464364,1.0,True,True,True,False,False,True,False,False,False,0
-0.49260867620364157,0.21468955199155557,-0.32512212661500484,0.2876109301464364,1.0,True,True,False,False,False,True,False,False,True,1
-0.042626894201082885,-0.31139346064329365,0.13856232380389696,0.2876109301464364,1.0,True,True,True,False,False,False,False,False,False,1
-0.5094808840027626,0.24871168694039614,-0.6728854644291812,-2.403944979038449,0.0,True,True,False,False,False,False,False,False,False,1
-0.46206998008723243,-0.0685132194807375,-0.44104323921973027,0.2876109301464364,1.0,False,False,False,False,False,False,False,False,True,1
-0.56903977753366,1.5717947127286396,-0.904727689638632,-2.403944979038449,1.0,True,True,False,False,False,False,False,True,False,0
-0.43456828137466513,0.2294954810896621,-0.4294511279592577,0.2876109301464364,1.0,True,False,False,False,False,True,False,True,False,1
-0.3800710501835041,-0.5281270610581298,0.2544834364086224,0.2876109301464364,1.0,True,True,False,False,False,False,False,False,False,0
-0.4561647073575401,0.1816124763468495,-0.30193790409405974,0.2876109301464364,1.0,True,True,False,False,False,False,False,True,False,1
0.8289913607015111,-0.5281270610581298,0.4515493278366557,0.2876109301464364,0.0,True,False,False,False,False,False,True,False,True,0
0.2863811578817778,-0.5281270610581298,-0.32512212661500484,0.2876109301464364,1.0,False,False,False,False,False,False,False,False,False,1
-0.6031216372878845,-0.010234562392445827,-0.5569643518244557,0.2876109301464364,1.0,False,True,False,False,False,True,False,True,False,1
0.15140349548880933,-0.5281270610581298,0.6022467742227987,0.2876109301464364,1.0,True,False,False,False,False,False,True,False,False,1
-0.3097139436611693,-0.0685132194807375,-0.046911456363663756,0.2876109301464364,1.0,False,True,False,False,False,False,False,True,False,1
0.6808533762252282,-0.5281270610581298,0.4515493278366557,0.2876109301464364,1.0,True,True,True,False,False,False,False,False,True,1
-0.34413324757137626,-0.5281270610581298,-0.30193790409405974,0.2876109301464364,1.0,False,False,False,False,False,False,True,False,True,1
-0.1269879331966882,-0.5281270610581298,-0.626517019387291,0.2876109301464364,1.0,True,False,False,False,False,False,False,True,False,1
-0.33839669691967506,0.09057176338189654,-0.37149057165689503,0.2876109301464364,1.0,True,True,False,False,False,False,False,False,False,1
-0.3436270813374026,0.5517607037995129,0.022641211199171514,0.2876109301464364,1.0,True,True,False,False,True,False,False,False,False,1
2.586569247135952,1.5721097324966844,3.848037927155111,0.2876109301464364,1.0,True,True,False,False,False,False,False,False,True,1
-0.2213035747937749,-0.5281270610581298,-0.32512212661500484,0.2876109301464364,1.0,True,False,False,False,False,False,False,False,False,1
-0.4097661359099572,0.038908521422546076,-0.2903457928335872,0.2876109301464364,0.0,True,True,False,False,False,True,False,True,False,0
5.979153069339947e-05,0.8863116974631116,-0.904727689638632,0.2876109301464364,1.0,True,True,False,False,False,False,True,True,False,1
0.6503146801088191,-0.5281270610581298,1.6687210101862728,0.2876109301464364,1.0,True,False,False,False,True,False,True,True,False,1
0.4125852722192033,1.7293045967510496,3.848037927155111,0.2876109301464364,1.0,True,True,False,True,False,False,True,False,False,1
0.8853445347505755,-0.5281270610581298,1.9005632353957238,0.2876109301464364,1.0,True,True,True,False,False,False,False,False,True,1
-0.506612608676912,-0.5281270610581298,-0.9395040234200497,0.2876109301464364,1.0,False,False,False,False,False,False,False,False,True,1
-0.5509865151886004,-0.5281270610581298,-0.9858724684619399,2.0819815362696934,0.0,True,False,False,False,False,False,False,True,False,0
0.7306263892326353,0.049304173768025136,0.39358877153429295,-2.403944979038449,1.0,True,True,True,False,False,False,True,False,True,1
-0.407235304740089,-0.12490175796076027,-0.3135300153545323,0.2876109301464364,0.0,True,True,True,False,False,False,False,True,False,0
0.36517436830367317,-0.5281270610581298,0.4283651053157106,0.2876109301464364,1.0,True,True,False,True,False,True,False,False,False,1
-0.2774880267648481,-0.5281270610581298,-0.8351750220757967,0.2876109301464364,1.0,True,False,False,False,False,False,False,True,False,1
0.6180887632124978,-0.5281270610581298,1.1122996696835907,0.2876109301464364,1.0,True,False,False,False,False,False,False,False,True,0
-0.2746197514389975,-0.5281270610581298,-0.9395040234200497,0.2876109301464364,1.0,True,True,True,False,False,False,False,False,True,0
0.3088211942546088,2.0969326660593546,0.3124439927109851,-0.6095743729151921,1.0,True,True,False,False,False,False,False,False,False,1
-0.39542475928070425,-0.5281270610581298,-0.5569643518244557,0.2876109301464364,1.0,False,False,False,False,False,False,False,True,False,1
-0.20611858777456596,-0.5281270610581298,-0.5569643518244557,0.2876109301464364,1.0,True,True,False,False,True,False,False,False,True,1
-0.14352269683982682,0.60058876784646,-0.23238523653122448,0.2876109301464364,1.0,True,True,False,False,False,False,False,True,False,1
0.3270431786776596,-0.5281270610581298,0.5326941066599635,0.2876109301464364,1.0,False,False,False,False,False,False,True,False,False,0
-0.03992734095322351,0.03071800745338076,0.4515493278366557,0.2876109301464364,1.0,True,True,False,False,True,False,True,True,False,1
-0.603459081443867,0.05497452959283189,-1.136569914848083,0.2876109301464364,1.0,True,False,False,False,False,False,False,True,False,1
0.08391466429232507,-0.5281270610581298,0.6602073305251615,-1.5067596759768207,1.0,True,True,False,True,False,False,True,True,False,0
0.8276415840775815,-0.5281270610581298,1.2861813385906788,0.2876109301464364,1.0,False,False,False,False,False,False,False,False,True,1
-0.4409797203383311,-0.5281270610581298,-1.1945304711504456,-2.403944979038449,0.0,True,True,False,True,False,True,False,False,True,0
0.2948172617813383,-0.0029891077274149694,-0.44104323921973027,0.2876109301464364,0.0,True,True,True,False,False,False,False,False,True,0
-0.14807819294558952,0.3718844162459207,-0.4294511279592577,-4.916063827611009,1.0,True,True,False,False,False,False,False,False,True,1
-0.2577475436398764,0.2691879718633094,-1.0786093585457202,0.2876109301464364,1.0,True,False,False,False,False,True,False,False,False,1
-0.49260867620364157,0.2058689984863006,-0.2671615703126421,0.2876109301464364,1.0,True,True,False,True,False,False,False,False,False,1
0.2226042124011002,-0.5281270610581298,-0.08168779014508139,0.2876109301464364,1.0,True,False,False,False,False,False,True,False,False,1
-0.4786047437303711,0.1280591157792301,-0.6149249081268184,0.2876109301464364,1.0,True,True,False,False,True,False,False,False,False,1
-0.13879847865607292,0.12931919485140939,-0.23238523653122448,0.2876109301464364,1.0,True,False,False,False,False,False,False,True,False,0
-0.2525171592221489,-0.04740689502173458,0.23129921388767732,0.2876109301464364,1.0,True,True,False,True,False,False,False,False,True,1
0.6182574852904891,-0.5281270610581298,0.4283651053157106,0.2876109301464364,1.0,True,False,False,False,True,False,False,False,False,1
-0.6199938450870056,-0.10915076955851927,-0.5569643518244557,0.2876109301464364,0.0,True,True,False,False,False,False,False,False,True,0
-0.21978507609185402,-0.07764879275403729,-0.22079312527075193,0.2876109301464364,1.0,True,True,False,True,False,True,False,False,False,0
-0.47944835412032716,1.7088283118281362,1.5180235638001298,-2.403944979038449,1.0,True,True,True,False,False,True,False,True,False,1
-0.6542444269192214,0.039853580726680535,-0.6033327968663459,0.2876109301464364,1.0,True,True,True,False,False,False,False,False,True,1
-0.5972163645581922,-0.5281270610581298,-1.1017935810666653,0.2876109301464364,1.0,False,False,False,False,False,True,False,True,False,1
-0.36201778783844457,0.37251445578201037,-0.046911456363663756,0.2876109301464364,1.0,True,True,False,True,False,True,False,False,True,1
-0.4342308372186827,0.20681405779043507,-0.10487201266602648,0.2876109301464364,1.0,False,True,False,False,False,False,False,True,False,1
0.12035863313842657,-0.5281270610581298,-0.17442468022886173,0.2876109301464364,1.0,True,False,False,False,False,True,False,False,False,0
-0.11568355397127708,-0.23736381515276098,-0.32512212661500484,-2.403944979038449,1.0,True,True,False,False,False,False,False,False,True,1
0.05017024869408295,-0.5281270610581298,-0.18601679148933428,0.2876109301464364,1.0,True,False,False,False,False,True,True,True,False,1
-0.3410962501675345,-0.5281270610581298,0.08060176750153424,-4.557189706386358,1.0,False,False,True,False,False,False,False,True,False,0
-0.5408631905091278,-0.04866697409391385,-0.5105959067825655,0.2876109301464364,1.0,True,True,False,False,False,False,False,False,True,1
-0.14116058774794987,-0.5281270610581298,-0.15124045770791666,0.2876109301464364,1.0,False,True,True,False,False,False,False,False,True,1
0.1306506798958904,-0.5281270610581298,-0.34830634913594993,0.2876109301464364,0.0,True,False,False,False,False,False,False,False,False,0
-0.13407426047231905,-0.09119464277996454,0.022641211199171514,0.2876109301464364,1.0,True,True,False,True,False,False,False,True,False,1
-0.7554776737139477,1.2044816631883797,0.7877205543903595,0.2876109301464364,1.0,True,True,False,False,False,False,False,False,False,1
-0.31224477483103746,-0.5281270610581298,-0.6149249081268184,0.2876109301464364,1.0,False,False,True,False,False,False,False,True,False,1
-0.2255216267435552,1.7431654665450216,0.41677299405523804,0.2876109301464364,1.0,True,False,False,False,False,False,False,False,True,1
-0.33131036964404426,-0.09465986022845756,-1.0786093585457202,0.2876109301464364,1.0,True,True,False,False,False,False,False,False,False,0
-0.5234848164760331,0.05875476680936973,-0.5105959067825655,0.2876109301464364,0.0,False,False,False,False,False,False,False,False,True,0
-0.3520631852369631,0.3589686057560831,-0.4062669054383126,0.2876109301464364,1.0,False,True,False,False,False,False,False,True,False,1
-0.19447676439317244,-0.5281270610581298,0.06900965624106169,0.2876109301464364,1.0,False,False,False,False,False,True,False,False,False,1
-0.06388587602797542,-0.5281270610581298,-0.27875368157311464,0.2876109301464364,0.0,True,False,False,False,False,False,False,False,False,0
1.5798046077623984,-0.5281270610581298,-0.904727689638632,0.2876109301464364,1.0,False,True,False,True,False,False,False,False,True,1
-0.32996059302011455,-0.5281270610581298,-0.7888065770339067,0.2876109301464364,0.0,True,False,False,True,False,False,False,False,False,0
-0.4193832943554562,-0.31926895484441414,-0.5337801293035106,0.2876109301464364,1.0,False,True,False,False,False,True,False,True,False,1
-0.6689232477044567,-0.07922389159426138,-1.3684121400575338,0.2876109301464364,1.0,True,True,True,False,False,False,False,False,True,1
-0.2957100111878988,-0.5281270610581298,-0.5569643518244557,0.2876109301464364,1.0,True,False,False,False,False,False,False,False,True,1
0.14009911626339822,0.9156085358912798,1.2861813385906788,0.2876109301464364,1.0,True,True,False,False,False,False,False,True,False,1
0.5337277242168925,1.0416164431092076,2.6424583560659665,0.2876109301464364,0.0,True,True,True,False,False,False,True,False,False,0
-0.16123851502890393,-0.5281270610581298,-0.3830826829173676,0.2876109301464364,1.0,False,False,False,False,False,False,False,True,False,1
-0.4295066190349288,-0.5281270610581298,-0.7772144657734341,0.2876109301464364,1.0,True,True,False,True,False,False,False,True,False,1
-0.5857432632547899,-0.014014799608983665,-0.4062669054383126,2.0819815362696934,1.0,False,True,False,True,False,False,False,True,False,1
-0.5093121619247715,0.19704844498104565,-0.12805623518697157,0.2876109301464364,1.0,False,True,False,False,False,False,False,True,False,1
-0.47320563723465237,0.11262314714503394,-0.30193790409405974,0.2876109301464364,1.0,True,True,False,False,False,False,False,True,False,1
-0.3691041151140754,-0.5281270610581298,-0.6033327968663459,0.2876109301464364,1.0,True,True,True,False,False,False,False,True,False,1
-0.32219937743251886,0.8157472694210719,-0.18601679148933428,-2.403944979038449,0.0,True,True,False,False,False,False,False,False,False,0
-0.5948542554663152,-0.2140523523174443,-1.136569914848083,0.2876109301464364,1.0,True,True,False,False,False,False,False,True,False,1
-0.053593829270511574,-0.5281270610581298,0.08060176750153424,0.2876109301464364,1.0,True,True,False,True,False,False,False,True,False,1
1.6024133662132207,-0.5281270610581298,1.7614579002700532,0.2876109301464364,1.0,True,True,False,False,True,False,False,False,False,1
-0.2366572838909751,-0.5281270610581298,-0.27875368157311464,0.2876109301464364,1.0,False,True,False,False,False,True,False,False,False,1
-0.014450307176550712,-0.5281270610581298,-0.0585035676241363,2.0819815362696934,0.0,False,False,False,False,False,False,False,False,True,0
1.9842314287073304,-0.5281270610581298,0.8920495557346124,0.2876109301464364,1.0,False,False,False,False,False,True,True,True,False,1
-0.5678587229877216,2.300750455984353,-0.12805623518697157,0.2876109301464364,0.0,False,False,False,False,False,False,False,True,False,1
4.782149648035576,-0.5281270610581298,1.2977734498511515,0.2876109301464364,1.0,True,True,True,False,False,False,False,True,False,0
-0.25487926831402585,-0.5281270610581298,-0.23238523653122448,-2.403944979038449,1.0,True,True,False,False,True,True,False,False,True,0
-0.3942437047347658,0.41220694655565765,-0.18601679148933428,0.2876109301464364,1.0,False,False,False,False,False,False,False,False,False,1
0.708692519093778,-0.5281270610581298,-0.41785901669878517,0.2876109301464364,1.0,True,True,False,True,False,False,False,False,True,1
1.2440476725598892,-0.5281270610581298,2.97862958261967,0.2876109301464364,1.0,True,False,False,False,False,False,False,True,False,1
0.055063188955828055,-0.5281270610581298,-0.11646412392649902,0.2876109301464364,1.0,True,True,False,False,False,False,False,False,False,1
-0.32152448912055404,0.15137057861454678,-0.3367142378754774,0.2876109301464364,0.0,True,True,False,False,False,False,False,False,False,0
1.5821667168542755,-0.5281270610581298,-0.6033327968663459,0.2876109301464364,1.0,True,True,False,False,False,False,False,True,False,1
-0.5676900009097303,-0.5281270610581298,-0.5685564630849282,0.2876109301464364,0.0,False,False,False,False,False,False,False,True,False,0
-0.506612608676912,5.772268299838268,-0.522188018043038,0.2876109301464364,1.0,True,False,False,False,False,False,False,True,False,1
-0.305495891711389,-0.5281270610581298,-0.6381091306477635,0.2876109301464364,1.0,False,False,False,False,False,False,False,False,False,1
-0.36184906576045334,-0.5281270610581298,-0.7888065770339067,-4.557189706386358,1.0,True,False,False,False,False,True,False,True,False,0
2.358963163925809,-0.5281270610581298,5.239091278411816,0.2876109301464364,1.0,False,True,True,False,False,False,True,True,False,1
0.3501581033624554,-0.20995709533286164,0.3124439927109851,0.2876109301464364,1.0,True,True,False,False,False,False,False,True,False,1
-0.16005746048296546,-0.14096776613104608,0.11537810128295187,0.2876109301464364,1.0,True,True,True,False,False,True,False,False,True,1
-0.1495966916475104,-0.5281270610581298,-0.1628325689683892,0.2876109301464364,1.0,True,True,False,True,False,False,False,False,True,0
-0.20578114361858355,0.22256504619267609,-0.24397734779169702,0.2876109301464364,1.0,False,True,False,True,False,False,False,True,False,1
0.09741243053162192,0.28115872304901257,0.39358877153429295,0.2876109301464364,1.0,True,True,False,False,False,False,False,False,False,0
-0.005845481198998972,-0.2030266604358756,-1.414780585099424,0.2876109301464364,1.0,True,True,True,False,False,False,False,True,False,1
-0.5550358450603895,-0.5281270610581298,-0.9510961346805222,0.2876109301464364,1.0,False,False,False,False,False,True,False,False,False,1
-0.05258149680256431,-0.5281270610581298,-0.18601679148933428,0.2876109301464364,1.0,False,False,True,False,False,True,False,True,False,1
0.7822553450979458,-0.5281270610581298,1.2977734498511515,0.2876109301464364,1.0,True,True,False,False,True,False,True,True,False,1
12.73807051363312,-0.5281270610581298,2.456984575898406,0.2876109301464364,0.0,True,True,False,False,True,False,False,False,False,0
-0.8195920633506077,0.632090744650942,-0.4062669054383126,2.0819815362696934,1.0,False,False,False,False,False,False,False,False,False,1
-0.48974040087779097,-0.5281270610581298,0.13856232380389696,0.2876109301464364,1.0,False,False,True,False,False,False,False,False,True,0
-0.5325958086875585,-0.024095432186417902,-0.18601679148933428,0.2876109301464364,1.0,True,False,False,False,False,True,False,True,False,1
1.7913820935633766,-0.5281270610581298,1.2977734498511515,0.2876109301464364,1.0,True,True,False,False,False,False,True,False,True,1
-0.5263530918018837,0.5221488456032998,0.2776676589295675,0.2876109301464364,1.0,True,True,False,False,False,False,False,True,False,1
-0.197345039719023,0.042373738871039096,0.13856232380389696,0.2876109301464364,0.0,True,True,False,False,True,False,False,False,True,1
-0.4436792735861905,0.06158994472177311,-0.18601679148933428,0.2876109301464364,0.0,True,True,False,True,False,False,False,True,False,0
-0.46999991775281935,-0.5281270610581298,-1.0206488022433575,-2.403944979038449,1.0,True,False,False,False,False,True,False,False,True,1
-0.3257425410703343,0.7678642646782592,0.045825433720116604,0.2876109301464364,0.0,True,True,False,False,False,True,False,False,False,0
-0.5347891957014442,-0.07103337762509607,-0.5337801293035106,2.0819815362696934,0.0,True,False,False,False,False,True,False,False,True,0
0.35100171375241146,-0.5281270610581298,0.4515493278366557,0.2876109301464364,1.0,True,True,False,True,False,False,False,False,True,1
-0.36606711771023365,0.4956871850875349,0.11537810128295187,0.2876109301464364,1.0,True,True,True,False,False,False,False,False,True,1
0.08391466429232507,-0.5281270610581298,-0.09327990140555394,0.2876109301464364,1.0,True,False,False,False,False,False,False,False,False,1
-0.4117908008458517,0.0978172180469274,-0.4294511279592577,-2.403944979038449,0.0,True,False,True,False,False,False,False,False,True,0
-0.5111681047826747,0.052454371448473334,0.12697021254342442,0.2876109301464364,1.0,True,True,False,False,False,False,False,False,False,0
-0.49362100867158887,0.6531970691099448,0.045825433720116604,0.2876109301464364,1.0,True,True,False,False,False,False,True,False,False,1
-0.323886598212431,-0.5281270610581298,-0.6033327968663459,0.2876109301464364,1.0,True,False,False,False,False,False,False,False,True,0
0.47754327224581944,-0.5281270610581298,1.5296156750606023,0.2876109301464364,1.0,False,False,False,False,False,False,False,True,False,1
-0.29368534625200426,-0.003304127495459789,-0.15124045770791666,0.2876109301464364,1.0,False,False,False,False,False,False,False,False,False,1
0.40465533455361646,0.049304173768025136,0.37040454901334785,0.2876109301464364,1.0,True,True,False,False,False,False,False,False,False,1
0.6445781294571179,-0.5281270610581298,-0.8467671333362693,-2.403944979038449,1.0,True,True,False,False,False,False,False,False,True,1
-0.5811877671490272,0.14412512394951593,-0.6960696869501263,0.2876109301464364,1.0,True,True,False,False,False,False,False,False,True,1
-0.15516452022122035,-0.5281270610581298,-0.7424381319920165,0.2876109301464364,1.0,False,True,False,False,False,False,False,False,False,0
-0.2759695280629272,-0.5281270610581298,-0.9974645797224124,0.2876109301464364,1.0,False,False,True,False,False,True,True,True,False,0
-0.6066648009257,0.21689469036786932,-0.32512212661500484,0.2876109301464364,1.0,False,False,False,False,False,True,False,False,True,1
0.14853522016295873,-0.21310729301330983,0.4515493278366557,0.2876109301464364,1.0,True,True,False,True,False,True,True,False,False,0
1.548928467490007,0.13341445183599204,1.8078263453119434,0.2876109301464364,1.0,True,True,False,False,False,False,False,False,False,0
-0.39036309694096794,0.29029429632231235,-0.32512212661500484,0.2876109301464364,1.0,True,False,False,False,False,True,False,False,False,1
1.532056259690886,-0.5281270610581298,0.4283651053157106,-2.403944979038449,1.0,True,True,True,False,False,False,False,False,False,1
0.02773021232125194,0.31203066031740495,0.37040454901334785,0.2876109301464364,1.0,True,True,False,False,False,False,False,False,False,1
-0.47303691515666113,0.34920299294669366,-0.6033327968663459,0.2876109301464364,1.0,True,False,False,False,False,True,False,True,False,1
0.5479003787681542,1.0457117000937903,-0.20920101401027938,0.2876109301464364,1.0,True,True,False,False,True,False,False,False,False,1
-0.15803279554707095,-0.5281270610581298,-0.5569643518244557,0.2876109301464364,1.0,True,True,False,True,False,False,False,False,True,0
0.1260951837901277,-0.5281270610581298,-0.23238523653122448,0.2876109301464364,1.0,True,True,False,False,False,False,False,True,False,1
-0.618644068463076,10.13119683027444,-0.6728854644291812,0.2876109301464364,1.0,True,False,False,False,False,False,False,False,True,0
-0.13694253579816962,-0.5281270610581298,-0.5569643518244557,0.2876109301464364,1.0,True,True,False,False,True,False,False,True,False,1
-0.40824763720803625,0.1548357960630398,-0.25556945905216955,0.2876109301464364,1.0,True,True,False,True,False,True,False,False,True,1
-0.2763069722189096,-0.011494641464625106,-0.23238523653122448,0.2876109301464364,1.0,True,False,False,False,False,False,False,False,False,1
1.0962471322395888,-0.5281270610581298,4.033511707322671,0.2876109301464364,1.0,False,True,True,False,False,False,False,True,False,1
-0.3436270813374026,-0.14695314172389767,-0.20920101401027938,0.2876109301464364,1.0,True,True,True,False,False,False,True,False,False,1
-0.3955934813586955,0.43362829078270543,-0.6844775756896537,0.2876109301464364,1.0,True,False,False,False,False,False,False,False,False,1
-0.1747362812682008,-0.5281270610581298,-0.32512212661500484,0.2876109301464364,1.0,True,True,False,False,False,True,False,False,False,1
-0.2634840942915776,0.20775911709456954,-0.1628325689683892,0.2876109301464364,1.0,True,True,False,False,False,False,False,True,False,1
0.3088211942546088,-0.5281270610581298,-0.32512212661500484,0.2876109301464364,1.0,True,False,False,False,False,True,False,False,False,0
-0.1382923124220993,0.07513579474770037,0.4283651053157106,0.2876109301464364,1.0,True,False,False,False,False,False,False,True,False,0
0.899348467223846,-0.5281270610581298,0.9963785570788652,0.2876109301464364,1.0,True,True,False,False,False,False,False,True,False,1
-0.3448081358833411,-0.5281270610581298,-1.4263726963598966,-3.3011302821000776,1.0,True,True,False,False,False,False,True,True,False,1
-0.31089499820710775,1.0671330443208382,0.4515493278366557,0.2876109301464364,1.0,True,False,False,False,False,False,False,True,False,1
0.09488159936175376,0.10317255410368933,1.181852337246426,0.2876109301464364,1.0,True,True,True,False,False,False,False,True,False,1
-0.13626764748620476,-0.5281270610581298,-0.6033327968663459,0.2876109301464364,1.0,True,True,False,False,False,True,True,False,True,1
0.4213588202747463,-0.5281270610581298,0.6022467742227987,0.2876109301464364,1.0,True,True,False,True,False,False,False,True,False,1
0.037684814922733366,0.9193887731078176,1.2745892273302064,0.2876109301464364,1.0,True,True,False,False,False,False,False,True,False,0
-0.6228621204128562,-0.003304127495459789,-1.0902014698061928,0.2876109301464364,1.0,False,False,False,False,False,False,False,False,True,1
-0.5292213671277343,0.2691879718633094,-0.13964834644744412,0.2876109301464364,1.0,True,False,False,False,False,False,False,True,False,1
-0.4281568424109991,1.2678006365653884,0.08060176750153424,-4.198315585161707,1.0,True,False,False,False,False,False,False,False,True,1
-0.5609411177900818,-0.5281270610581298,-0.9510961346805222,-0.6095743729151921,0.0,True,True,True,False,False,False,True,False,False,0
-0.09881134617215602,-0.5281270610581298,-0.20920101401027938,0.2876109301464364,0.0,True,False,False,False,False,False,False,False,False,1
-0.15516452022122035,1.2438591341939822,1.2398128935487887,0.2876109301464364,1.0,True,True,False,False,False,False,False,True,False,1
-0.4099348579879484,2.0254231787131802,0.6022467742227987,0.2876109301464364,1.0,True,True,False,True,False,False,False,False,True,1
-0.5445750762249344,0.12301879949051299,-0.23238523653122448,0.2876109301464364,1.0,True,True,False,False,False,False,False,False,True,1
-0.6851205671916129,-0.5281270610581298,-1.3104515837551711,0.2876109301464364,1.0,True,False,False,False,False,True,False,False,True,0
-0.6213436217109353,0.02914290861315666,-0.6149249081268184,0.2876109301464364,1.0,True,True,False,False,False,True,False,False,False,1
0.24420063838397515,-0.5281270610581298,0.3124439927109851,-2.403944979038449,1.0,True,False,False,False,False,False,True,True,False,1
0.04105925648255758,-0.5281270610581298,1.2398128935487887,0.2876109301464364,1.0,True,True,False,False,False,False,False,False,True,0
-0.43119383981484094,-0.023150372882283443,-0.23238523653122448,0.2876109301464364,1.0,True,True,False,True,False,False,False,False,True,0
-0.37450322160979416,0.11293816691307876,-0.000543011321773575,0.2876109301464364,1.0,True,True,False,True,False,False,False,False,True,1
-0.25201099298817525,0.012761880674826026,-0.37149057165689503,0.2876109301464364,1.0,True,True,False,True,False,False,False,True,False,1
-0.47843602165237986,-0.016219937985297406,-0.7424381319920165,0.2876109301464364,1.0,False,False,False,False,False,False,False,False,True,1
0.21585532928145176,-0.5281270610581298,-0.23238523653122448,0.2876109301464364,1.0,True,False,False,False,False,False,False,False,True,0
-0.40774147097406266,-0.5281270610581298,-0.32512212661500484,0.2876109301464364,1.0,False,False,False,False,False,False,False,True,False,1
0.05337596817591595,1.0469717791659696,-0.32512212661500484,0.2876109301464364,1.0,True,True,False,True,False,False,False,False,False,1
-0.3230429878224749,-0.5281270610581298,-0.44104323921973027,0.2876109301464364,0.0,True,False,False,True,False,False,False,False,False,0
0.5479003787681542,0.7845603123846348,1.8541947903538336,0.2876109301464364,1.0,True,False,False,False,False,False,False,False,False,0
-0.4764113567164854,-0.11797132306377422,-0.626517019387291,0.2876109301464364,1.0,True,False,True,False,False,True,False,True,False,1
-0.2957100111878988,-0.5281270610581298,-0.37149057165689503,0.2876109301464364,1.0,True,True,True,False,False,False,False,True,False,1
-0.5769697151992469,0.7580986518688698,0.13856232380389696,0.2876109301464364,1.0,True,True,False,False,False,False,True,True,False,1
-0.43625550215457726,-0.35927646538610625,-0.9510961346805222,0.2876109301464364,1.0,True,True,False,False,False,True,False,False,False,0
-0.6247180632707595,-0.1460080824197632,-1.1713462486295005,0.2876109301464364,1.0,True,False,False,False,False,False,False,False,True,1
-0.35476273848482254,0.25942235905392,-0.2903457928335872,0.2876109301464364,0.0,True,True,False,False,True,False,False,False,False,0
2.1364187430554025,-0.5281270610581298,-0.2671615703126421,0.2876109301464364,1.0,False,False,False,False,False,True,True,False,True,1
-0.38108338265145136,-0.5281270610581298,-0.7888065770339067,0.2876109301464364,1.0,False,False,False,False,False,False,False,False,True,1
-0.49260867620364157,0.13813974835666434,-0.32512212661500484,0.2876109301464364,1.0,True,True,False,False,False,False,False,False,True,1
-0.540188302197163,-0.21758057756278743,-0.8119907995548518,-2.403944979038449,1.0,True,True,False,True,False,False,False,False,True,1
-0.4222515696813068,-0.003304127495459789,-0.5569643518244557,2.0819815362696934,0.0,True,True,False,False,False,True,False,False,True,0
-0.4166837411075968,-0.0685132194807375,-0.6149249081268184,0.2876109301464364,1.0,True,True,False,False,False,False,False,False,True,1
1.813315963702234,-0.5281270610581298,0.5095098841390184,0.2876109301464364,0.0,True,False,False,False,False,False,True,False,True,0
-0.29959061898169664,0.03103302722142558,-0.19760890274980683,0.2876109301464364,1.0,True,True,False,False,False,False,False,True,False,1
0.08391466429232507,-0.5281270610581298,-0.08168779014508139,0.2876109301464364,1.0,True,False,False,False,False,False,False,False,True,1
0.09150715780192956,-0.5281270610581298,-0.3830826829173676,0.2876109301464364,0.0,True,False,False,False,False,True,False,False,False,0
-0.4075727488960714,0.16806662632092223,-0.13964834644744412,0.2876109301464364,0.0,True,True,False,False,False,False,False,True,False,0
-0.4613950917752676,0.08616148662926906,0.08060176750153424,0.2876109301464364,1.0,True,True,False,False,False,False,False,False,False,1
0.5266413969412617,-0.5281270610581298,0.022641211199171514,0.2876109301464364,1.0,False,False,True,False,False,False,True,True,False,1
-0.20493753322862748,0.4997824420721176,-0.17442468022886173,-2.403944979038449,1.0,True,True,False,True,False,True,False,False,True,1
-0.12951876436655635,-0.5281270610581298,-0.11646412392649902,0.2876109301464364,1.0,True,True,False,False,False,True,True,False,True,0
-0.36488606316429517,0.010556742298512287,0.022641211199171514,0.2876109301464364,0.0,True,True,False,True,False,False,False,False,False,0
-0.22315951765167824,0.19830852405322494,0.39358877153429295,0.2876109301464364,1.0,False,True,False,False,False,False,False,True,False,1
-0.20578114361858355,0.41693224307633,0.2776676589295675,-3.839441463937055,1.0,True,True,True,False,False,False,False,False,False,0
0.03380420712893552,-0.5281270610581298,-0.20920101401027938,0.2876109301464364,1.0,True,True,False,False,True,True,True,False,False,1
-0.05663082667435337,0.46954054433981485,0.6022467742227987,0.2876109301464364,1.0,True,True,False,False,True,False,False,True,False,1
7.8051431194040966,-0.5281270610581298,6.398302404459071,-0.6095743729151921,1.0,True,True,False,False,True,False,False,False,True,1
-0.22180974102774856,-0.5281270610581298,-0.3830826829173676,-2.403944979038449,1.0,True,True,False,False,False,True,False,True,False,1
-0.39643709174865155,-0.036696222908210695,-0.1628325689683892,0.2876109301464364,1.0,True,True,False,True,False,False,False,False,True,1
-0.2788378033887777,-0.21846262907007177,-0.5569643518244557,0.2876109301464364,1.0,True,True,False,False,True,True,False,True,False,1
-0.41735862941956164,-0.5281270610581298,-0.5685564630849282,0.2876109301464364,1.0,True,True,False,False,True,False,False,False,True,1
-0.5627970606479852,0.227920382249438,-0.3830826829173676,0.2876109301464364,1.0,True,True,False,False,False,True,False,False,True,1
-0.10758489422769897,1.2435441144259374,0.6949836643065791,0.2876109301464364,1.0,True,True,False,True,False,False,False,True,False,1
0.05371341233189837,-0.5281270610581298,-0.046911456363663756,0.2876109301464364,1.0,True,True,False,False,False,False,False,False,True,1
-0.1367738137201784,-0.5281270610581298,-0.48741168426162046,0.2876109301464364,1.0,True,False,True,False,False,False,True,False,False,0
-0.48974040087779097,0.25942235905392,-0.6728854644291812,0.2876109301464364,1.0,True,True,True,False,False,True,False,True,False,1
-0.10252323188796265,-0.5281270610581298,-0.5337801293035106,0.2876109301464364,1.0,True,False,False,False,False,False,False,True,False,1
-0.21539830206408256,-0.20050650229151704,-0.44104323921973027,0.2876109301464364,1.0,True,True,False,True,False,True,False,False,True,1
0.10635470066515608,0.7023401529249367,2.0396685705213944,0.2876109301464364,1.0,True,True,False,False,False,False,False,False,True,1
-0.5081311073788329,0.11892354250593033,-0.5105959067825655,0.2876109301464364,1.0,True,True,True,False,False,False,False,True,False,1
-0.5175795437463407,-0.5281270610581298,-0.8467671333362693,0.2876109301464364,1.0,True,False,False,False,False,False,False,False,True,0
-0.4106097462999132,-0.5281270610581298,-0.8931355783781595,2.0819815362696934,1.0,True,False,False,False,False,False,False,False,True,0
-0.23260795401918602,-0.5281270610581298,-0.3830826829173676,0.2876109301464364,1.0,False,False,False,False,False,False,False,True,False,1
-0.7554776737139477,0.34542275573015585,-0.41785901669878517,0.2876109301464364,1.0,True,True,False,False,False,False,False,False,False,1
0.675116825573527,-0.5281270610581298,1.4716551187582396,0.2876109301464364,1.0,True,True,False,False,True,False,False,False,False,1
-0.43996738787038386,-0.5281270610581298,-0.6149249081268184,0.2876109301464364,1.0,True,True,True,False,False,False,True,True,False,1
1.6022446441352296,-0.5281270610581298,1.0891154471626456,0.2876109301464364,0.0,True,False,False,False,False,False,False,True,False,0
-0.4882219021758701,0.5583761189284541,0.19652288010625968,-2.403944979038449,0.0,True,True,False,False,False,True,True,False,False,0
-0.4807981307442568,-0.05559740899089989,-0.4062669054383126,-2.403944979038449,0.0,True,True,True,False,False,True,False,False,False,0
0.8453574022666586,0.6846990459144268,0.13856232380389696,-2.403944979038449,0.0,True,True,True,False,False,False,True,False,True,0
-0.4244449566951925,-0.5281270610581298,-0.6960696869501263,0.2876109301464364,0.0,True,False,False,False,False,False,False,True,False,0
-0.558579008698205,0.020637374875946524,-1.1945304711504456,0.2876109301464364,1.0,True,True,False,True,False,True,False,True,False,1
-0.2255216267435552,-0.5281270610581298,-0.37149057165689503,0.2876109301464364,0.0,False,False,False,False,False,False,False,True,False,0
-0.709247824344356,-0.18601559296145534,-1.519109586443677,-3.3011302821000776,1.0,True,True,False,True,False,False,False,False,True,1
0.08391466429232507,-0.5281270610581298,0.13856232380389696,0.2876109301464364,1.0,True,True,True,False,False,False,False,False,False,1
-0.3210183228865804,-0.5281270610581298,-0.7888065770339067,0.2876109301464364,1.0,True,False,False,False,False,False,False,False,True,0
-0.3056646137893802,-0.5281270610581298,-0.44104323921973027,0.2876109301464364,1.0,True,False,False,False,False,True,False,False,False,1
-0.01883708120432219,-0.5281270610581298,-0.20920101401027938,0.2876109301464364,1.0,True,True,False,True,False,False,False,False,True,1
-0.5263530918018837,0.1453852030216952,-1.0438330247643026,0.2876109301464364,1.0,True,True,False,False,False,False,False,False,False,1
-0.903109491956257,0.038908521422546076,-0.15124045770791666,0.2876109301464364,1.0,True,True,False,False,False,False,False,False,False,0
-0.2147234137521177,-0.5281270610581298,-0.41785901669878517,0.2876109301464364,1.0,False,False,False,False,False,False,False,True,False,0
-0.506612608676912,0.9209638719480417,0.32403610397145766,0.2876109301464364,1.0,True,True,False,True,False,False,True,False,False,1
-0.18334110724575253,-0.13435235100210485,-0.44104323921973027,0.2876109301464364,1.0,True,True,False,False,True,False,False,False,True,1
-0.3502072423790598,-0.5281270610581298,-0.11646412392649902,0.2876109301464364,1.0,False,False,False,True,False,False,False,False,True,0
0.3774910799970315,-0.5281270610581298,-0.23238523653122448,-2.403944979038449,1.0,True,True,False,False,True,False,False,False,True,1
-0.27731930468685684,-0.5281270610581298,-0.6033327968663459,0.2876109301464364,1.0,True,True,False,True,False,False,False,True,False,1
0.4335068098901135,-0.452522316727373,1.2166286710278436,0.2876109301464364,1.0,True,True,True,False,False,False,False,False,True,1
-0.4431731073522169,-0.036696222908210695,-0.6728854644291812,0.2876109301464364,1.0,False,False,True,False,False,False,False,False,True,1
-0.09779901370420875,-0.5281270610581298,0.20811499136673223,0.2876109301464364,0.0,True,False,False,True,False,False,False,True,False,1
0.4100544410493352,-0.5281270610581298,1.4716551187582396,0.2876109301464364,1.0,True,True,False,False,False,False,False,False,True,0
-0.4635884787891534,-0.5281270610581298,-0.9626882459409948,-0.6095743729151921,1.0,True,False,False,False,False,True,False,False,False,0
0.2020201188861725,0.02315753302030508,0.950010112036975,-0.6095743729151921,1.0,True,True,False,True,False,False,False,True,False,1
-0.4134780216257638,-0.20365669997196525,-0.5569643518244557,0.2876109301464364,1.0,True,True,True,False,False,False,False,False,True,1
-0.0024710396391747595,-0.5281270610581298,-0.2671615703126421,0.2876109301464364,1.0,True,True,False,False,False,False,False,False,False,1
-0.15516452022122035,-0.05307725084654133,-0.23238523653122448,0.2876109301464364,1.0,True,True,True,False,False,False,False,False,False,0
-0.0652356526519051,-0.07103337762509607,0.19652288010625968,0.2876109301464364,0.0,True,True,False,False,False,False,False,False,True,0
-0.27951269170074255,-0.5281270610581298,-0.4294511279592577,0.2876109301464364,1.0,False,False,False,False,False,False,False,True,False,1
-0.18469088386968222,-0.5281270610581298,-0.32512212661500484,0.2876109301464364,1.0,False,False,False,False,False,True,False,True,False,1
1.1806081712351941,0.41693224307633,1.9933001254795042,0.2876109301464364,1.0,True,False,False,False,True,False,False,False,False,0
-0.5101557723147275,0.4210275000609126,0.46314143909712824,0.2876109301464364,1.0,True,True,False,False,False,False,True,False,True,1
0.07294772922289638,-0.5281270610581298,-0.17442468022886173,0.2876109301464364,1.0,True,True,False,True,False,False,False,True,False,1
0.2669781189127886,-0.5281270610581298,-0.7424381319920165,0.2876109301464364,1.0,True,False,False,False,False,False,True,True,False,1
-0.506612608676912,-0.5281270610581298,-0.6033327968663459,2.0819815362696934,1.0,True,False,False,False,False,False,False,True,False,0
0.1260951837901277,1.2529947074672818,0.46314143909712824,-2.403944979038449,1.0,True,True,False,True,False,False,False,True,False,1
-0.22653395921150246,-0.5281270610581298,-0.8931355783781595,0.2876109301464364,1.0,False,False,False,False,False,False,False,True,False,1
0.5561677605897236,-0.5281270610581298,1.2745892273302064,0.2876109301464364,0.0,True,True,False,True,False,False,False,False,True,0
-0.5067813307549033,0.24619152879603756,0.13856232380389696,0.2876109301464364,1.0,True,True,False,False,False,False,False,True,False,1
-0.5049253878969999,0.09655713897474812,-0.09327990140555394,-2.403944979038449,1.0,True,True,True,False,False,True,False,False,True,0
-0.6157757931372253,0.36652908018915875,-0.39467479417784007,0.2876109301464364,1.0,True,False,False,False,False,False,False,False,False,0
-0.3549314605628137,-0.011494641464625106,-0.4294511279592577,-2.403944979038449,1.0,True,True,True,False,False,True,False,False,True,1
-0.42056434890139466,0.4597749315304255,-0.23238523653122448,0.2876109301464364,0.0,True,True,False,False,False,True,False,False,True,0
-0.4863659593179668,0.1721618833055049,0.022641211199171514,0.2876109301464364,1.0,True,True,False,False,False,False,False,True,False,1
-0.15516452022122035,-0.5281270610581298,-0.41785901669878517,0.2876109301464364,1.0,False,True,False,False,False,False,False,False,False,0
-0.3831080475873459,0.08616148662926906,-0.46422746174067536,0.2876109301464364,1.0,True,True,False,False,False,False,False,False,False,1
0.47754327224581944,-0.5281270610581298,1.1354838922045358,0.2876109301464364,1.0,True,True,False,True,False,False,False,True,False,1
0.04679580713425874,-0.5281270610581298,0.5095098841390184,0.2876109301464364,1.0,True,True,False,True,False,False,False,False,True,1
-0.28491179819646134,-0.06095274504766183,-0.27875368157311464,-0.6095743729151921,1.0,True,True,False,False,False,True,False,True,False,1
0.1260951837901277,-0.11860136259986387,-0.46422746174067536,0.2876109301464364,1.0,True,True,False,True,False,False,True,False,False,1
-0.36606711771023365,-0.5281270610581298,-0.904727689638632,0.2876109301464364,1.0,True,False,False,False,False,False,False,False,True,1
0.07092306428700186,0.11892354250593033,0.7297599980879967,0.2876109301464364,1.0,True,True,False,False,False,False,False,False,False,1
0.645421739847074,-0.5281270610581298,0.46314143909712824,-2.403944979038449,1.0,True,True,False,False,False,False,False,False,False,1
1.859714535149817,-0.20869701626068235,0.022641211199171514,0.2876109301464364,1.0,True,True,False,True,False,False,True,False,False,1
-0.3213557670425628,-0.12269661958444653,-0.5569643518244557,0.2876109301464364,1.0,True,False,False,False,False,True,False,False,False,0
0.43485658651404313,0.18066741704271502,0.37040454901334785,0.2876109301464364,1.0,True,True,True,False,False,False,False,False,True,1
0.004952731792438507,0.9360848208141931,0.16174654632484206,0.2876109301464364,1.0,True,False,False,True,False,False,False,False,False,1
-0.30836416703723957,-0.45189227719128333,-0.46422746174067536,0.2876109301464364,1.0,True,True,False,True,False,True,False,True,False,1
-0.49260867620364157,0.15452077629499497,-0.5105959067825655,0.2876109301464364,1.0,True,False,False,False,False,True,True,False,False,1
0.07632217078272059,1.2438591341939822,1.9353395691771413,0.2876109301464364,1.0,True,True,True,False,False,False,False,False,True,1
0.04105925648255758,-0.5281270610581298,-0.046911456363663756,-3.839441463937055,1.0,True,True,False,True,False,False,True,False,False,1
0.4777119943238106,-0.5281270610581298,0.13856232380389696,0.2876109301464364,1.0,True,True,False,False,False,False,False,True,False,0
-0.6140885723573132,-0.20019148252347221,-0.5801485743454008,0.2876109301464364,1.0,True,True,False,False,False,True,False,True,False,1
-0.2547105462360346,0.5032476595206106,0.6833915530461065,0.2876109301464364,1.0,True,True,False,False,False,False,False,True,False,1
1.0962471322395888,-0.5281270610581298,0.18493076884578713,0.2876109301464364,1.0,True,False,False,False,False,False,False,True,False,0
-0.3097139436611693,-0.5281270610581298,-0.4062669054383126,-2.403944979038449,1.0,True,False,True,False,False,False,False,False,True,1
-0.5482869619407411,0.11230812737698911,-0.44104323921973027,0.2876109301464364,1.0,True,True,False,False,False,True,False,False,False,1
-0.028622961727812403,-0.17183970339943844,0.43995721657618314,0.2876109301464364,1.0,True,True,True,False,False,True,False,False,True,1
-0.3930626501888273,-0.5281270610581298,-0.8583592445967418,0.2876109301464364,1.0,True,True,False,False,True,True,False,True,False,1
2.485336000341226,-0.5281270610581298,3.848037927155111,0.2876109301464364,1.0,True,False,False,False,False,False,False,False,False,0
2.474031621115815,-0.5281270610581298,5.818696841435443,2.0819815362696934,1.0,True,False,False,False,False,False,True,False,True,1
-0.6316356684683991,0.5873579375885775,-0.19760890274980683,0.2876109301464364,1.0,True,True,False,False,False,False,False,True,False,1
0.6445781294571179,1.9520235727587372,2.6888268011078567,-0.6095743729151921,1.0,True,True,False,True,False,False,True,False,False,1
-0.506612608676912,0.1390848076607988,-0.5105959067825655,0.2876109301464364,1.0,True,True,False,False,False,False,False,True,False,1
-0.19380187608120758,-0.5281270610581298,-0.13964834644744412,0.2876109301464364,1.0,True,False,False,True,False,False,False,False,False,1
-0.18874021374147126,0.03670338304623234,-0.3598984603964225,0.2876109301464364,1.0,True,False,True,False,False,False,False,False,True,1
-0.3930626501888273,0.4235476582052712,-0.12805623518697157,0.2876109301464364,1.0,True,True,False,False,False,False,False,False,True,1
-0.43119383981484094,-0.003934167031549429,-0.904727689638632,-2.403944979038449,0.0,True,True,False,False,True,True,False,False,True,0
-0.2255216267435552,-0.5281270610581298,-1.2061225824109183,0.2876109301464364,1.0,False,False,False,False,False,False,False,True,False,1
0.3639933137577347,-0.5281270610581298,-0.5105959067825655,0.2876109301464364,0.0,True,True,False,False,False,True,False,False,True,0
-0.6120639074214187,0.06253500402590757,-0.5917406856058733,0.2876109301464364,1.0,True,True,False,True,False,True,True,True,False,1
0.9978821607707129,-0.17341480223966252,0.8920495557346124,0.2876109301464364,1.0,True,True,False,True,False,False,False,False,True,1
-0.38226443719738984,-0.5281270610581298,-1.3684121400575338,0.2876109301464364,1.0,False,False,False,False,False,False,False,False,True,1
0.7667329139227544,-0.5281270610581298,-0.23238523653122448,-1.5067596759768207,1.0,False,True,False,False,False,False,False,True,False,1
1.3746385609250862,-0.5281270610581298,-0.23238523653122448,0.2876109301464364,1.0,True,True,False,False,False,False,False,False,True,1
9083.0,0.0,228.0,360.0,1.0,True,True,False,False,False,False,False,True,False,1
4310.0,0.0,130.0,360.0,1.0,True,True,False,False,False,False,False,True,False,1
4167.0,1447.0,158.0,360.0,1.0,True,True,False,True,False,False,False,False,False,1
2900.0,0.0,71.0,360.0,1.0,False,False,False,False,False,False,False,False,False,1
2718.0,0.0,70.0,360.0,1.0,True,False,False,False,False,False,False,True,False,1
1782.0,2232.0,107.0,360.0,1.0,True,True,True,False,False,False,False,False,False,1
3717.0,0.0,120.0,360.0,1.0,True,True,False,True,False,False,False,True,False,1
3000.0,0.0,66.0,360.0,1.0,True,True,False,False,False,False,True,False,True,1
2647.0,1587.0,173.0,360.0,1.0,True,True,False,False,True,True,False,False,False,0
1000.0,3022.0,110.0,360.0,1.0,True,True,True,False,False,False,True,False,True,0
5000.0,0.0,72.0,360.0,0.0,True,True,False,True,False,False,False,True,False,0
3015.0,2188.0,153.0,360.0,1.0,True,True,False,False,False,False,False,False,False,1
2071.0,754.0,94.0,480.0,1.0,True,True,False,False,True,True,False,True,False,1
3601.0,1590.0,128.0,360.0,1.0,True,True,False,True,False,True,False,False,False,1
3316.0,3500.0,88.0,360.0,1.0,True,True,False,True,False,False,True,False,True,1
3013.0,3033.0,95.0,300.0,1.0,True,True,False,False,False,False,False,False,True,1
2479.0,0.0,59.0,360.0,1.0,True,False,False,False,False,False,False,False,True,1
4843.0,3806.0,151.0,360.0,1.0,True,False,False,False,False,False,False,True,False,1
3155.0,1779.0,140.0,360.0,1.0,True,True,True,False,False,False,False,True,False,1
4600.0,0.0,73.0,180.0,1.0,True,True,False,False,False,False,False,True,False,1
2213.0,1125.0,128.0,360.0,1.0,True,True,False,False,False,False,False,False,True,1
5000.0,3667.0,236.0,360.0,1.0,True,True,False,True,False,False,False,True,False,1
4758.0,0.0,158.0,480.0,1.0,True,True,False,False,False,False,False,True,False,1
6875.0,0.0,200.0,360.0,1.0,True,True,True,False,False,False,False,True,False,1
13262.0,0.0,40.0,360.0,1.0,False,False,True,False,False,False,False,False,True,1
8333.0,3750.0,187.0,360.0,1.0,True,False,False,False,False,False,False,False,False,1
1958.0,2436.0,131.0,360.0,1.0,True,True,True,False,False,True,False,False,False,1
3418.0,0.0,127.0,360.0,1.0,True,False,False,False,False,False,False,True,False,0
3813.0,0.0,116.0,180.0,1.0,False,False,False,False,False,False,False,False,True,1
4106.0,0.0,40.0,180.0,1.0,True,True,False,False,True,False,False,False,False,1
3200.0,700.0,70.0,360.0,1.0,True,True,False,True,False,False,False,False,True,1
2330.0,4486.0,100.0,360.0,1.0,False,True,False,False,False,False,False,True,False,1
2875.0,1750.0,105.0,360.0,1.0,True,True,False,False,False,True,False,True,False,1
3229.0,2739.0,110.0,360.0,1.0,True,False,False,False,False,False,False,False,True,1
10000.0,1666.0,225.0,360.0,1.0,False,False,False,False,False,False,False,False,False,0
6096.0,0.0,218.0,360.0,0.0,True,True,False,False,False,True,False,False,False,0
3708.0,2569.0,173.0,360.0,1.0,True,True,False,False,False,False,False,False,True,0
5703.0,0.0,128.0,360.0,1.0,True,True,False,False,True,False,False,False,True,1
2708.0,1167.0,97.0,360.0,1.0,True,True,False,True,False,False,False,True,False,1
1378.0,1881.0,167.0,360.0,1.0,False,True,False,True,False,False,False,False,True,0
5316.0,0.0,136.0,360.0,1.0,True,False,False,False,False,False,False,False,True,1
2239.0,2524.0,128.0,360.0,1.0,True,True,True,False,False,True,False,False,True,1
10000.0,0.0,155.0,360.0,1.0,True,True,True,False,False,False,True,False,False,0
2785.0,2016.0,110.0,360.0,1.0,True,True,False,False,False,False,False,False,False,1
2014.0,1929.0,74.0,360.0,1.0,True,False,False,False,False,False,False,False,True,1
3917.0,0.0,124.0,360.0,1.0,True,True,False,True,False,True,False,True,False,1
4166.0,3369.0,201.0,360.0,1.0,True,True,True,False,False,False,False,False,True,0
3166.0,2064.0,104.0,360.0,0.0,True,True,False,False,False,False,False,False,True,0
3948.0,1733.0,149.0,360.0,0.0,True,True,False,False,False,False,False,False,False,0
5000.0,0.0,103.0,360.0,0.0,False,False,False,False,False,False,False,True,False,0
2769.0,1542.0,190.0,360.0,1.0,True,False,True,False,False,True,True,True,False,0
10000.0,0.0,214.0,360.0,1.0,False,False,False,False,False,False,False,True,False,0
1800.0,2934.0,93.0,360.0,0.0,True,True,False,False,False,True,False,False,True,0
3400.0,0.0,95.0,360.0,1.0,False,False,False,False,False,True,False,False,False,0
3208.0,3066.0,172.0,360.0,1.0,True,True,False,False,False,False,False,False,True,1
2281.0,0.0,113.0,360.0,1.0,True,True,False,True,False,True,False,False,False,0
3750.0,4750.0,176.0,360.0,1.0,True,False,False,False,False,False,False,False,True,0
7787.0,0.0,240.0,360.0,1.0,True,True,True,False,False,False,True,False,True,1
2787.0,1917.0,146.0,360.0,0.0,True,True,True,False,False,False,False,False,False,0
6540.0,0.0,205.0,360.0,1.0,True,True,False,True,False,False,False,True,False,1
39999.0,0.0,600.0,180.0,0.0,True,True,False,False,True,False,False,True,False,1
3717.0,2925.0,151.0,360.0,1.0,True,True,True,False,False,False,False,True,False,0
6633.0,0.0,128.0,360.0,0.0,True,True,False,True,False,False,True,False,False,0
7142.0,0.0,138.0,360.0,1.0,False,True,False,False,False,True,True,False,False,1
3100.0,1400.0,113.0,360.0,1.0,True,True,False,True,False,False,False,False,True,1
6000.0,0.0,156.0,360.0,1.0,False,False,False,False,False,False,False,False,True,1
3750.0,2083.0,120.0,360.0,1.0,False,False,False,True,False,False,False,True,False,1
16667.0,2250.0,86.0,360.0,1.0,True,True,True,False,False,False,True,True,False,1
5250.0,0.0,94.0,360.0,1.0,True,True,False,False,True,False,False,False,True,0
6033.0,0.0,160.0,360.0,1.0,True,True,False,False,False,True,False,False,True,0
2720.0,0.0,80.0,360.0,0.0,False,False,False,False,False,True,False,False,True,0
3103.0,1300.0,80.0,360.0,1.0,True,True,False,False,False,False,False,False,True,1
4344.0,736.0,87.0,360.0,1.0,True,True,False,False,False,True,True,True,False,0
5042.0,2083.0,185.0,360.0,1.0,True,True,False,True,False,False,False,False,False,0
3167.0,4000.0,180.0,300.0,0.0,True,True,False,False,True,False,False,True,False,0
2395.0,0.0,128.0,360.0,1.0,True,True,True,False,False,False,True,True,False,1
3510.0,4416.0,243.0,360.0,1.0,True,True,False,True,False,False,False,False,False,1
4945.0,0.0,128.0,360.0,0.0,True,True,True,False,False,False,False,False,False,0
3180.0,0.0,71.0,360.0,0.0,False,False,False,False,False,False,False,False,True,0
3500.0,0.0,81.0,300.0,1.0,True,False,False,False,False,False,False,True,False,1
4333.0,2451.0,110.0,360.0,1.0,True,True,False,False,False,False,False,False,True,0
3159.0,461.0,108.0,84.0,1.0,True,True,False,True,False,False,False,False,True,1
6406.0,0.0,150.0,360.0,1.0,True,True,False,False,True,False,False,True,False,0
2378.0,0.0,9.0,360.0,1.0,False,False,False,False,False,False,False,False,True,0
3816.0,754.0,160.0,360.0,1.0,True,True,False,False,False,False,False,False,True,1
5818.0,2160.0,184.0,360.0,1.0,True,True,False,False,False,False,True,True,False,1
3417.0,1750.0,186.0,360.0,1.0,True,True,True,False,False,False,False,False,True,1
2726.0,0.0,106.0,360.0,0.0,True,True,False,True,False,False,True,True,False,0
2333.0,1516.0,95.0,360.0,1.0,True,True,False,False,False,True,False,False,True,1
20667.0,0.0,128.0,360.0,1.0,True,True,False,False,False,False,False,False,False,0
4000.0,7750.0,290.0,360.0,1.0,True,True,False,False,True,False,False,True,False,0
6500.0,0.0,105.0,360.0,0.0,True,False,False,False,False,False,False,False,False,0
1668.0,3890.0,201.0,360.0,0.0,True,True,False,False,False,True,False,True,False,0
6325.0,0.0,175.0,360.0,1.0,True,True,True,False,False,False,False,True,False,1
3887.0,2669.0,162.0,360.0,1.0,True,True,False,False,False,False,False,True,False,1
2045.0,1619.0,101.0,360.0,1.0,True,True,False,True,False,False,False,False,False,1
2500.0,0.0,93.0,360.0,1.0,False,False,False,False,False,False,True,False,True,1
3333.0,2000.0,99.0,360.0,1.0,True,True,False,True,False,True,False,True,False,1
1916.0,5063.0,67.0,360.0,1.0,True,False,False,False,False,False,False,False,False,0
2980.0,2083.0,120.0,360.0,1.0,True,False,False,False,False,False,False,False,False,1
3927.0,800.0,112.0,360.0,1.0,True,True,False,False,False,False,False,True,False,1
2750.0,1842.0,115.0,360.0,1.0,True,True,True,False,False,False,False,True,False,1
3833.0,0.0,110.0,360.0,1.0,True,False,False,False,False,True,False,False,False,1
674.0,5296.0,168.0,360.0,1.0,True,True,False,False,False,False,True,False,False,1
6083.0,4250.0,330.0,360.0,1.0,True,True,True,False,False,False,False,False,True,1
2309.0,1255.0,125.0,360.0,0.0,True,True,False,True,False,True,False,False,False,0
2666.0,4300.0,121.0,360.0,1.0,True,True,False,False,False,False,False,False,False,1
4755.0,0.0,95.0,360.0,0.0,True,True,False,False,True,True,False,True,False,0
3748.0,1668.0,110.0,360.0,1.0,True,False,False,False,False,True,False,True,False,1
2995.0,0.0,60.0,360.0,1.0,False,False,False,False,False,False,False,False,True,1
3812.0,0.0,112.0,360.0,1.0,False,False,True,False,False,False,False,False,False,1
3200.0,2254.0,126.0,180.0,0.0,True,False,False,False,False,True,False,False,True,0
3704.0,2000.0,120.0,360.0,1.0,True,True,False,False,False,False,False,False,False,1
5500.0,1260.0,170.0,360.0,1.0,True,True,True,False,False,False,False,False,False,1
2400.0,0.0,75.0,360.0,1.0,True,True,False,False,False,False,False,False,True,1
3902.0,1666.0,109.0,360.0,1.0,True,False,False,False,False,True,False,False,False,1
2500.0,3796.0,120.0,360.0,1.0,True,True,False,False,False,False,False,False,True,1
5568.0,2142.0,175.0,360.0,1.0,True,True,False,False,False,False,False,False,False,0
3716.0,0.0,42.0,180.0,1.0,True,True,False,False,False,False,False,False,False,1
2507.0,0.0,56.0,360.0,1.0,False,False,False,False,False,False,False,False,False,1
2882.0,1843.0,123.0,480.0,1.0,True,True,True,False,False,False,False,True,False,1
2500.0,1840.0,109.0,360.0,1.0,True,True,False,True,False,False,False,False,True,1
63337.0,0.0,490.0,180.0,1.0,True,True,False,False,False,False,False,False,True,1
